331.5,329,332.5,348,352,329,347,348,330,347,327.5,347,347.5,331.5,346.5,348,333,347.5,332,330,332,331.5,349,348.5,329,1693,1701,1700,1690.5,1690
347.5,348,329,329,348,347,347.5,330,327.5,347,352,332,331.5,332,347,330,348,331.5,349,329,332.5,346.5,333,348.5,331.5,1701.5,1699,1694.5,1687.5,1692
327.5,348,329,348,347,331.5,330,352,349,329,347,333,332.5,347.5,332,329,347,347.5,346.5,330,348,331.5,332,331.5,348.5,1699.5,1691.5,1692,1700,1691.5
348,349,330,329,346.5,327.5,347,347,348.5,331.5,332.5,347.5,331.5,348,333,348,329,329,332,347,347.5,352,331.5,330,332,1702.5,1701.5,1692.5,1685,1693
329,348,347,347.5,331.5,333,332.5,349,347.5,331.5,329,329,348,331.5,348.5,352,330,332,332,347,330,327.5,346.5,347,348,1703,1693.5,1686,1693,1699
347.5,347.5,347,329,329,331.5,331.5,348,333,346.5,332,352,332.5,330,348,332,348,348.5,331.5,330,327.5,349,347,329,347,1700,1690.5,1694.5,1690,1699.5
346.5,332.5,333,331.5,348.5,347.5,332,349,330,332,348,331.5,352,330,331.5,348,329,347,348,327.5,347,347.5,347,329,329,1692,1690.5,1693,1699.5,1699.5
348,332,329,347,346.5,329,330,347.5,347,348.5,352,329,347,331.5,333,331.5,347.5,348,327.5,330,349,332,348,332.5,331.5,1702.5,1702,1692.5,1684.5,1693
347,329,348,327.5,347.5,331.5,332.5,347,331.5,352,347.5,331.5,349,329,332,348.5,332,330,348,333,330,347,348,329,346.5,1699,1694.5,1689,1691.5,1700.5
352,330,347.5,333,332,346.5,347.5,330,348,329,329,347,348,327.5,348.5,332,332.5,347,349,331.5,331.5,331.5,347,329,348,1694.5,1701,1700,1692,1687
331.5,348,348.5,333,332,329,347,332,330,347.5,331.5,332.5,352,347.5,331.5,327.5,329,349,348,347,346.5,330,348,347,329,1693,1685.5,1695,1700.5,1700.5
349,332.5,331.5,348.5,330,333,331.5,352,347.5,329,348,330,327.5,347,347.5,347,329,329,346.5,348,331.5,347,332,332,348,1691.5,1693,1700,1699.5,1690.5
331.5,330,331.5,349,348.5,347.5,346.5,330,327.5,347,347.5,331.5,347,347,329,329,352,333,332,348,329,332.5,332,348,348,1690.5,1698.5,1702,1694,1689.5
331.5,347.5,347,327.5,347.5,348.5,352,333,329,329,347,330,348,330,332,349,331.5,332,348,332.5,346.5,347,348,329,331.5,1701,1691.5,1687,1693,1702
330,333,332.5,348,348,329,347,332,330,348.5,332,331.5,352,331.5,347.5,348,346.5,329,331.5,347,347,347.5,349,327.5,329,1691.5,1686.5,1694.5,1702,1700
346.5,329,330,349,348,331.5,331.5,332,352,347.5,347,329,348.5,332,331.5,347,333,330,347.5,332.5,348,348,347,329,327.5,1702.5,1694.5,1688,1690,1699.5
332.5,347,332,349,331.5,331.5,347.5,348,331.5,329,333,329,352,330,348,346.5,348.5,327.5,332,347,329,330,347.5,348,347,1692,1687.5,1692,1701.5,1701.5
347,333,331.5,330,352,347,348.5,329,329,347,348,327.5,332,346.5,347.5,331.5,331.5,348,349,332.5,348,347.5,330,332,329,1693.5,1700.5,1701.5,1692.5,1686.5
331.5,348,347.5,331.5,333,331.5,348.5,330,347,329,332.5,329,332,349,352,332,347,348,329,347,330,346.5,347.5,327.5,348,1691.5,1686,1694.5,1703,1699.5
331.5,346.5,331.5,352,332,330,331.5,348.5,347.5,332,333,347,349,332.5,330,329,348,348,347,327.5,347.5,348,329,347,329,1693.5,1689.5,1691.5,1699.5,1700.5
329,330,349,332.5,348.5,348,332,352,331.5,331.5,348,330,346.5,348,329,329,327.5,347,347,347,347.5,331.5,333,332,347.5,1689,1695,1701.5,1697.5,1691.5
347.5,332,352,332,331.5,348,348.5,327.5,347.5,329,330,347,347,329,347,349,331.5,333,348,329,332.5,346.5,348,330,331.5,1695,1700.5,1700,1690.5,1688.5
330,347,348,329,346.5,347,347,331.5,329,347.5,332.5,332,348,330,352,348,329,327.5,333,349,331.5,348.5,331.5,332,347.5,1700.5,1702,1694.5,1686.5,1691
352,329,347.5,331.5,333,330,348,349,327.5,347,348,329,348,346.5,329,347,331.5,331.5,348.5,332.5,332,347.5,332,347,330,1693,1701.5,1700.5,1691,1688.5
332,329,333,348.5,347,330,331.5,332.5,349,348,331.5,352,332,331.5,347.5,348,348,330,347.5,329,329,347,327.5,347,346.5,1689.5,1691,1694.5,1702.5,1697
347.5,330,327.5,346.5,347,349,348,332.5,332,329,347,333,348.5,330,331.5,348,352,331.5,331.5,332,347.5,329,329,348,347,1698.5,1690.5,1690,1695,1700.5
327.5,347,347.5,347,333,329,346.5,330,347,348,348,331.5,352,331.5,330,348.5,332,348,329,329,332,331.5,332.5,347.5,349,1702,1700.5,1693,1686.5,1692.5
348,332,352,330,329,348,347,330,348,327.5,329,347,331.5,346.5,347.5,332.5,349,331.5,348.5,331.5,329,332,347,347.5,333,1691,1700.5,1701.5,1693,1688.5
329,330,349,348,332,331.5,332,348.5,348,333,347,347.5,347,329,327.5,348,329,346.5,330,347.5,331.5,347,352,331.5,332.5,1688,1693,1698,1701,1694.5
348.5,329,348,332,332,349,347,330,329,331.5,333,331.5,348,331.5,352,347.5,347,332.5,329,348,347.5,347,346.5,330,327.5,1689.5,1686.5,1696,1704,1698.5
347,329,329,347,346.5,348.5,327.5,348,347.5,330,352,333,331.5,329,347,332,349,348,331.5,331.5,347.5,332,332.5,348,330,1698.5,1701.5,1692.5,1692,1690
347,347,331.5,329,347.5,332,349,333,348,332,348.5,352,330,331.5,329,332.5,331.5,348,330,348,346.5,329,347.5,327.5,347,1702,1694,1691,1690,1697.5
352,329,331.5,347,332,349,347,332,331.5,332.5,330,331.5,333,348.5,348,330,329,347,347.5,346.5,348,348,329,327.5,347.5,1691.5,1692,1691,1700,1700
331.5,329,330,347,347.5,332,333,332.5,348.5,348,329,347,329,349,346.5,348,347,327.5,331.5,348,332,331.5,347.5,352,330,1685,1694,1700.5,1702,1693
329,348,330,330,352,331.5,331.5,332.5,348,349,331.5,329,347,347,347.5,348.5,327.5,347.5,346.5,329,347,332,333,348,332,1689,1692.5,1702,1699,1692
333,347,330,348,332,348,331.5,348.5,331.5,331.5,352,347.5,332,332.5,329,346.5,329,330,349,348,347.5,347,327.5,329,347,1690,1691,1693,1702.5,1698
348,332.5,332,348.5,329,347,349,347,327.5,329,331.5,329,347.5,347.5,347,331.5,348,352,331.5,330,332,348,330,346.5,333,1690,1699.5,1702.5,1693,1689.5
352,347,332,331.5,332,347,333,329,346.5,348,329,347.5,347.5,327.5,347,332.5,348,331.5,348.5,331.5,330,349,330,329,348,1694.5,1703.5,1698.5,1692,1686
333,332.5,349,331.5,348.5,347,332,347,329,331.5,329,348,331.5,332,352,327.5,330,347.5,348,346.5,329,330,348,347.5,347,1694.5,1686.5,1692.5,1699.5,1701.5
330,348,332,352,329,347,330,347,346.5,329,347.5,349,331.5,332,331.5,347.5,348,329,327.5,348,331.5,333,347,332.5,348.5,1691,1699.5,1691.5,1700,1692.5
347.5,333,331.5,332,348,330,352,329,349,332,330,327.5,346.5,347,347.5,348,347,329,347,329,331.5,348.5,348,331.5,332.5,1692,1692,1698.5,1700,1692
352,331.5,332,332,348,333,329,348.5,346.5,347.5,347,347,347.5,329,327.5,332.5,330,349,329,348,347,330,348,331.5,331.5,1695.5,1704.5,1698,1688.5,1688
348,352,331.5,330,332.5,327.5,348,331.5,347,347.5,329,348.5,347,346.5,329,347.5,332,333,332,347,329,348,330,331.5,349,1694,1701.5,1700,1691.5,1687.5
329,348,327.5,348.5,346.5,329,331.5,347.5,347.5,348,331.5,352,347,331.5,332.5,333,330,329,347,347,349,330,348,332,332,1699.5,1703.5,1694.5,1686,1691
332,348,331.5,348,331.5,332,330,349,332.5,348.5,352,329,331.5,347,333,347,330,347,327.5,348,347.5,347.5,329,329,346.5,1691,1692,1692.5,1699.5,1699.5
348,346.5,329,332,348,333,347.5,352,330,331.5,347.5,332,331.5,329,347,329,349,331.5,348.5,332.5,347,327.5,330,348,347,1703.5,1694,1687,1690.5,1699.5
331.5,346.5,348,329,347.5,329,333,349,330,352,330,329,347,331.5,347,332.5,332,348,332,348,347.5,347,331.5,348.5,327.5,1702.5,1693,1684.5,1692.5,1702
329,348,332,349,329,348,331.5,331.5,333,347.5,346.5,347,327.5,347.5,330,347,332.5,348,329,347,332,348.5,330,331.5,352,1687,1691.5,1698.5,1703.5,1694
333,348.5,330,352,330,347,347,346.5,329,329,347.5,348,332,331.5,332,331.5,348,332.5,349,331.5,347.5,327.5,329,348,347,1693.5,1698.5,1691,1692.5,1699
347,329,346.5,347.5,333,352,332.5,348,330,331.5,330,329,347,332,349,332,348,331.5,331.5,348,327.5,348.5,329,347,347.5,1703,1694,1687,1691,1699.5
331.5,348,332.5,349,333,330,348.5,332,331.5,347,348,331.5,352,329,332,347.5,329,346.5,347,329,347,327.5,330,348,347.5,1694,1689,1692.5,1699,1700
347.5,348.5,330,349,329,329,327.5,347.5,347,347,332.5,348,348,332,329,348,346.5,331.5,332,330,331.5,333,347,331.5,352,1704,1698,1689.5,1688,1695
347,347,329,330,348,348,347,327.5,347.5,329,329,332.5,331.5,347.5,352,348,331.5,346.5,331.5,332,349,330,332,333,348.5,1701,1699,1692.5,1689.5,1692.5
332,352,332.5,329,348,331.5,331.5,346.5,347,332,349,330,347,333,331.5,348,347.5,327.5,347,330,348,329,347.5,348.5,329,1693.5,1688.5,1690.5,1700,1702
329,349,331.5,332.5,347.5,327.5,347,348.5,346.5,329,347,348,347,331.5,330,330,348,333,352,332,329,348,332,347.5,331.5,1689.5,1698.5,1703.5,1695,1688
347,331.5,330,332,352,347,347.5,347,330,329,348,348,332,331.5,332.5,348.5,327.5,346.5,329,348,331.5,333,329,349,347.5,1692.5,1700.5,1692,1699.5,1690
330,347,347.5,327.5,347,331.5,348.5,348,329,332.5,331.5,329,346.5,332,347.5,352,333,347,332,331.5,348,330,348,329,349,1699,1689.5,1686.5,1695.5,1704
332.5,347,331.5,348.5,331.5,347.5,327.5,329,347,347,352,330,332,331.5,347.5,346.5,348,348,329,329,348,333,349,332,330,1691,1698,1693,1700.5,1692
332,346.5,347,348,329,347.5,348.5,348,327.5,329,331.5,330,348,352,330,331.5,347,329,347,331.5,332,333,347.5,349,332.5,1702.5,1700.5,1691.5,1686,1694
347,329,347,330,347.5,349,333,332,329,348,331.5,329,347,346.5,332.5,331.5,331.5,332,348,352,348.5,327.5,348,330,347.5,1700.5,1691,1686.5,1695,1701.5
347.5,331.5,349,332.5,329,348,331.5,333,332,348,347,347,348,329,330,346.5,347.5,329,347,327.5,348.5,331.5,352,330,332,1689.5,1692.5,1701,1697.5,1694
352,331.5,347,331.5,329,332,348.5,331.5,329,349,332,333,348,332.5,347.5,330,347.5,347,327.5,348,329,348,347,330,346.5,1691,1690,1693,1700,1700.5
347.5,329,329,346.5,348,327.5,348,330,348.5,347,333,331.5,332.5,347.5,347,332,329,352,348,330,347,332,331.5,331.5,349,1700,1701,1691.5,1691,1691
329,347,347,346.5,332,330,332.5,349,333,348,331.5,347.5,348,330,329,332,352,331.5,329,348.5,347.5,327.5,347,331.5,348,1701.5,1692.5,1686,1693,1701.5
347,348,347,329,329,346.5,331.5,333,332,349,348.5,330,352,329,331.5,332,331.5,347.5,348,332.5,348,347,327.5,347.5,330,1700,1692,1691,1691.5,1700
348.5,347.5,346.5,327.5,329,349,333,332,331.5,347,348,330,331.5,347.5,331.5,332,347,329,332.5,352,347,348,329,348,330,1699,1692.5,1688.5,1692.5,1702
331.5,331.5,330,348,348.5,333,346.5,349,330,331.5,332.5,348,352,329,332,347.5,347,329,332,347,327.5,348,347.5,347,329,1689.5,1690,1693.5,1702.5,1699
333,331.5,348,332.5,349,332,347,330,347.5,330,331.5,352,332,347,329,348.5,327.5,347,329,347.5,348,348,346.5,329,331.5,1694,1686.5,1691.5,1699.5,1703
333,332.5,347,329,352,348.5,348,330,331.5,332,330,332,348,349,331.5,346.5,329,347,348,327.5,347.5,347,329,347.5,331.5,1693.5,1690,1690.5,1698,1702.5
348,332,346.5,331.5,333,349,332,332.5,348.5,330,347.5,327.5,348,329,348,347,347.5,329,347,330,331.5,329,331.5,347,352,1691,1692,1700,1700.5,1691
333,346.5,329,352,331.5,347,347,329,348,329,332.5,349,331.5,331.5,347.5,348,347.5,327.5,330,347,330,332,332,348,348.5,1692,1700,1692,1700,1690.5
331.5,332,347.5,347,333,352,330,332,348,331.5,347,346.5,348,329,330,347,347.5,329,348.5,327.5,348,349,332.5,331.5,329,1691,1693.5,1700.5,1699.5,1690
347.5,329,347,332,346.5,332.5,349,330,348,333,348.5,332,331.5,347.5,327.5,331.5,352,331.5,329,348,347,347,348,329,330,1702,1692.5,1687,1692,1701
347,330,332,331.5,352,347.5,332,333,348,330,327.5,348,329,346.5,349,348,329,347,329,347,331.5,331.5,332.5,348.5,347.5,1692.5,1690.5,1700,1700,1691.5
352,332,331.5,349,329,331.5,330,330,348,348.5,331.5,333,332.5,347.5,347.5,327.5,348,329,347,346.5,329,332,347,348,347,1693.5,1688,1692,1698,1703
348,333,352,329,332,347.5,330,347,347,331.5,330,346.5,347,327.5,348,332.5,331.5,348,329,348.5,332,331.5,329,349,347.5,1694,1703,1699,1689.5,1689
330,347.5,329,347,347,348,327.5,347,331.5,348.5,333,352,348,329,332.5,329,330,346.5,348,331.5,331.5,332,347.5,349,332,1700.5,1702.5,1694.5,1685,1692
329,347,346.5,330,347.5,348,347,331.5,332.5,332,347,348,329,348,327.5,352,329,349,330,331.5,347.5,348.5,333,331.5,332,1700,1691,1699.5,1691.5,1692.5
349,329,348,332.5,332,330,347,327.5,347.5,346.5,348.5,329,347.5,329,347,347,332,352,330,331.5,348,331.5,348,331.5,333,1690.5,1698.5,1701,1692.5,1692
331.5,330,330,347.5,348,348,348.5,332,332,333,347,348,327.5,347.5,329,349,347,329,346.5,329,331.5,352,332.5,331.5,347,1687,1693.5,1699,1700.5,1694.5
329,348.5,330,332.5,348,352,331.5,329,348,333,329,348,347.5,330,346.5,331.5,347,327.5,347,347.5,332,347,331.5,332,349,1688,1693.5,1701,1700.5,1691.5
329,333,348,348.5,332,347,348,330,346.5,327.5,347.5,347,331.5,329,348,332,331.5,352,332.5,347,330,331.5,329,347.5,349,1690.5,1699,1703,1695,1687
347,329,347,331.5,349,329,327.5,346.5,347,347.5,332,330,348,347.5,331.5,348,333,330,348,331.5,329,332.5,332,348.5,352,1703.5,1697.5,1689,1690.5,1694
331.5,331.5,329,348,347.5,333,331.5,347,332,348,329,347.5,347,346.5,329,347,330,349,327.5,348.5,348,332.5,332,330,352,1687.5,1691.5,1699,1702,1694.5
347.5,329,348,346.5,329,327.5,330,347,348,348.5,348,332,352,329,331.5,331.5,330,349,333,347,331.5,332,347,332.5,347.5,1700,1701,1692.5,1690.5,1690.5
329,346.5,330,348,347.5,330,352,333,349,332.5,329,331.5,331.5,348.5,348,332,347,331.5,347,332,347,347.5,348,327.5,329,1701,1696.5,1688.5,1689.5,1699
331.5,331.5,348.5,349,332,329,348,327.5,347,348,347,346.5,347.5,330,329,332,330,347.5,352,333,332.5,348,331.5,329,347,1692.5,1699.5,1700,1694.5,1688
329,347.5,330,347.5,347,330,352,348,331.5,332,329,331.5,348,348.5,332.5,327.5,329,348,347,346.5,349,347,332,331.5,333,1701,1693.5,1689.5,1698,1692.5
348,329,347.5,330,346.5,331.5,349,331.5,347,333,348.5,332,327.5,332,348,331.5,347,329,352,332.5,347,329,348,330,347.5,1701,1692,1688,1692,1701.5
347,333,331.5,349,331.5,348,330,329,347,346.5,347,348.5,329,347.5,327.5,348,332,332,332.5,347.5,329,352,331.5,330,348,1692,1700.5,1699.5,1692,1690.5
331.5,331.5,352,331.5,347,348,348,330,329,347.5,332,347,329,346.5,347,349,330,332,333,348,327.5,347.5,329,348.5,332.5,1693.5,1702.5,1701.5,1692,1685
347.5,348,333,332,332,329,347,348,327.5,349,329,347,346.5,347,330,348.5,330,352,331.5,331.5,348,347.5,329,332.5,331.5,1692.5,1700.5,1699.5,1693.5,1688.5
327.5,347,347.5,347,330,332,348,347.5,333,329,332,348,332.5,331.5,348.5,330,331.5,331.5,352,348,349,346.5,347,329,329,1699,1689.5,1692.5,1693,1700.5
331.5,348,346.5,332,332.5,348.5,347,329,327.5,347.5,347,329,330,347,348,352,331.5,333,329,348,349,331.5,332,330,347.5,1690.5,1699.5,1701,1693.5,1690
347.5,347.5,331.5,332,332,329,347,329,347,348,347,329,330,346.5,348,333,348,331.5,349,331.5,332.5,352,330,327.5,348.5,1690.5,1700,1700.5,1693,1690.5
330,333,329,348.5,349,329,347.5,329,347,346.5,330,348,348,348,327.5,352,332,332,332.5,347,331.5,347.5,347,331.5,331.5,1689.5,1699,1701.5,1695.5,1689
347.5,346.5,329,347,330,348,347.5,347,329,327.5,349,331.5,348,331.5,332.5,332,348.5,332,331.5,348,333,329,330,352,347,1700,1699,1692.5,1692,1691
331.5,332,333,347.5,347,329,348,331.5,352,331.5,332.5,348.5,332,349,329,330,347,347,347.5,329,348,346.5,330,348,327.5,1691,1692,1691,1700.5,1700
329,346.5,330,347,347,347,327.5,329,347.5,348.5,332.5,347.5,331.5,331.5,348,348,329,331.5,333,352,330,348,332,349,332,1699.5,1699.5,1691,1693.5,1691
348,330,347.5,346.5,327.5,347,329,348,329,347,331.5,349,329,348.5,332.5,347,332,331.5,332,347.5,352,333,330,348,331.5,1699.5,1700,1690.5,1690,1694.5
333,352,347,330,331.5,331.5,347,332.5,331.5,348.5,329,347,329,347.5,348,348,330,347.5,327.5,346.5,348,349,332,332,329,1693.5,1691,1700.5,1699.5,1690
347.5,352,332,331.5,331.5,349,330,332,347.5,330,332.5,347,348,333,329,327.5,329,347,347,348,329,348.5,331.5,346.5,348,1694.5,1688.5,1689.5,1698.5,1703.5
331.5,349,348,332,333,347,332,348.5,329,332.5,352,331.5,330,348,329,346.5,327.5,330,348,347.5,347,329,347.5,331.5,347,1693.5,1689,1690.5,1699.5,1702
329,332.5,347.5,332,347,331.5,333,348,330,352,346.5,329,329,348,348.5,347,347.5,347,327.5,330,349,331.5,348,332,331.5,1688,1694.5,1701,1699,1692
349,331.5,331.5,348,332.5,346.5,347,347.5,330,327.5,347,329,331.5,348,347.5,348.5,332,352,329,332,333,330,329,347,348,1692.5,1698.5,1703,1693.5,1687
347,329,348,329,331.5,332,331.5,352,330,348.5,347.5,327.5,346.5,333,348,347,348,330,329,347,347.5,332,331.5,332.5,349,1684.5,1694,1702.5,1701,1692.5
332.5,347,347.5,333,331.5,348,330,329,349,332,332,331.5,346.5,352,331.5,347,330,348,348,329,347,348.5,327.5,347.5,329,1691.5,1688,1693.5,1702,1699.5
330,331.5,352,331.5,347.5,327.5,348.5,329,347.5,347,348,347,329,329,348,349,333,346.5,332.5,331.5,347,348,332,332,330,1692.5,1699.5,1701,1692.5,1689
348,332,332.5,332,346.5,347.5,348,347.5,329,327.5,348,349,331.5,330,331.5,347,347,329,329,347,348.5,330,333,331.5,352,1691,1699.5,1690,1699,1695
348,329,347,329,346.5,352,330,332,348,331.5,332,347,331.5,330,348,333,332.5,347.5,349,331.5,348.5,347.5,329,347,327.5,1699.5,1693.5,1688.5,1693.5,1699.5
347.5,332.5,330,332,347,348.5,333,332,329,348,329,346.5,347,348,329,331.5,347.5,327.5,348,347,349,352,331.5,330,331.5,1689,1690.5,1699.5,1701.5,1694
332.5,332,347.5,329,348,331.5,349,331.5,347,332,329,347,327.5,346.5,348,329,330,348,347,347.5,352,331.5,333,348.5,330,1689,1691,1698,1701.5,1695
327.5,329,347.5,348.5,347,331.5,330,348,348,333,347,331.5,332,352,331.5,332.5,332,330,349,348,347.5,329,346.5,347,329,1699.5,1690.5,1694,1691.5,1699
347,330,348.5,330,332,331.5,332.5,352,347.5,331.5,349,346.5,331.5,329,347.5,347,348,327.5,347,329,348,348,333,332,329,1687.5,1695,1703.5,1698.5,1690
349,347.5,332,332.5,330,329,331.5,333,347.5,352,330,348,327.5,346.5,348.5,329,347,347,347,329,331.5,348,331.5,332,348,1691,1693,1700.5,1699,1691
347,346.5,329,329,348,327.5,330,348,348,347.5,348.5,331.5,352,331.5,331.5,329,332,332.5,347,347.5,347,349,333,332,330,1699.5,1701,1695,1688,1691
332,347,348,333,329,332,331.5,349,347.5,331.5,329,331.5,332.5,348.5,352,346.5,330,347.5,330,348,329,327.5,347,347,348,1689,1691.5,1693.5,1702,1698.5
348,332,349,332.5,331.5,329,329,348,347.5,347,348.5,331.5,327.5,348,347,352,330,333,347.5,331.5,332,346.5,329,347,330,1693,1700.5,1702.5,1694,1684.5
346.5,329,329,348,347,347.5,347.5,347,327.5,331.5,332,352,330,347,331.5,333,348,329,332.5,348.5,330,332,348,331.5,349,1699.5,1701,1692.5,1691,1690.5
327.5,329,349,347,348,347,329,347,348,329,347.5,331.5,352,332,330,331.5,346.5,332,348,330,332.5,333,331.5,347.5,348.5,1700.5,1700,1693,1688,1693
352,333,348,330,331.5,346.5,332,348,330,331.5,332,348.5,349,331.5,329,347.5,347.5,329,327.5,348,329,347,347,332.5,347,1694.5,1688,1690,1699.5,1702.5
329,349,332,331.5,352,329,331.5,348,347,347,327.5,329,347.5,348,347,348,330,332.5,346.5,333,332,348.5,330,347.5,331.5,1693.5,1702.5,1699,1690,1689.5
332,333,348.5,347.5,330,347,347.5,329,329,348,327.5,349,329,348,346.5,352,331.5,331.5,347,332.5,330,332,331.5,347,348,1691,1700.5,1700,1694.5,1688.5
349,332,333,331.5,348,347,347.5,330,347,327.5,348.5,331.5,331.5,332.5,348,346.5,347,329,348,329,329,332,352,347.5,330,1693.5,1699,1692,1699.5,1690.5
330,347.5,346.5,329,348,332.5,331.5,348,348.5,332,347,347.5,331.5,332,333,329,348,330,331.5,352,327.5,347,349,347,329,1701,1692.5,1691,1690.5,1699.5
331.5,348.5,347,332.5,331.5,330,348,329,352,332,329,349,347,327.5,348,330,347,348,329,346.5,347.5,331.5,347.5,333,332,1691,1691,1700.5,1700.5,1691.5
332,332,332.5,348,348.5,348,330,329,347.5,348,331.5,330,333,347,352,329,346.5,327.5,347.5,347,347,349,329,331.5,331.5,1693,1702.5,1693.5,1697.5,1688
347.5,329,347,347,329,347,330,348,346.5,327.5,333,331.5,347.5,348,330,329,352,348,331.5,332,332,331.5,349,348.5,332.5,1699.5,1699,1690,1692.5,1693.5
331.5,348.5,332,352,332.5,347.5,347,330,329,347,329,348,329,347,346.5,331.5,348,330,349,331.5,332,347.5,327.5,348,333,1696.5,1700.5,1699.5,1690,1688
331.5,346.5,330,332,352,329,331.5,332.5,347.5,347,333,332,349,331.5,348,348,329,347.5,348.5,330,348,329,347,327.5,347,1692,1687.5,1693.5,1703,1698.5
349,352,332,332,330,329,348,346.5,329,348.5,347.5,327.5,348,329,347,348,330,331.5,333,347.5,332.5,347,331.5,347,331.5,1695,1701,1699,1690,1689.5
347,331.5,327.5,348,347,330,348.5,330,352,333,347.5,347,329,329,332,332.5,349,348,331.5,332,348,331.5,346.5,347.5,329,1701,1693.5,1684.5,1693,1702.5
347.5,332,330,347,329,348,332.5,332,348.5,333,331.5,348,348,346.5,327.5,329,347,330,347.5,347,349,352,329,331.5,331.5,1685.5,1694,1701.5,1700.5,1693
329,332,348.5,346.5,331.5,327.5,332,348,332.5,352,347,347,330,330,347.5,329,347,348,348,329,331.5,349,347.5,331.5,333,1687.5,1692,1701.5,1701,1692.5
330,332,331.5,348.5,349,347.5,331.5,329,352,332.5,347.5,327.5,348,329,347,331.5,332,333,348,347,330,329,348,346.5,347,1691,1692.5,1699,1691.5,1700.5
348.5,333,347,330,329,331.5,331.5,352,346.5,331.5,348,329,330,347.5,348,327.5,347,349,347.5,329,332,332.5,332,348,347,1687.5,1693,1702.5,1700,1691.5
330,347,327.5,347,348,349,331.5,347,332.5,330,352,331.5,329,347.5,332,333,348,331.5,332,348,329,348.5,346.5,329,347.5,1699.5,1690,1692,1692.5,1700.5
333,348.5,348,332.5,331.5,347,346.5,329,348,330,332,349,347,347.5,327.5,352,331.5,330,332,348,331.5,329,329,347,347.5,1693.5,1700.5,1703,1693.5,1684
331.5,347,333,329,352,348,349,330,331.5,332,327.5,348,347.5,347,330,329,348,329,347.5,347,331.5,332,348.5,332.5,346.5,1692.5,1690.5,1700,1700.5,1691
333,331.5,349,352,329,332,348,346.5,347,329,348.5,347.5,347,327.5,329,347,332.5,331.5,331.5,347.5,332,348,330,330,348,1694.5,1702.5,1699.5,1690,1688
333,331.5,348,352,329,347.5,330,347,331.5,332,330,332.5,349,348,332,331.5,346.5,347,329,347,347.5,327.5,348,329,348.5,1693.5,1688,1691.5,1701,1700.5
332.5,331.5,347,329,347.5,349,331.5,330,332,348,329,348,348,347,327.5,330,329,347.5,348.5,347,352,333,346.5,331.5,332,1687.5,1690.5,1699.5,1702,1695
329,348,347,329,347,346.5,348.5,347,327.5,331.5,330,348,333,331.5,352,349,330,348,332,329,347.5,331.5,332.5,332,347.5,1700,1701,1694.5,1688,1691
333,348.5,348,331.5,332,331.5,329,347,346.5,347,347.5,348,327.5,349,330,347.5,329,352,332.5,332,347,331.5,330,348,329,1693,1701,1702,1693,1685.5
348,352,330,331.5,333,346.5,329,347.5,347,327.5,332,349,331.5,332.5,348,348.5,331.5,330,348,332,329,329,347,347.5,347,1694.5,1697.5,1693,1690,1699.5
330,348,348.5,332.5,332,347,329,348,327.5,347.5,346.5,329,329,347,348,331.5,331.5,333,347.5,352,332,347,349,331.5,330,1691,1699,1699.5,1695.5,1689.5
348,347.5,329,348.5,327.5,347.5,333,331.5,348,331.5,347,332,346.5,332,332.5,352,330,330,331.5,348,329,349,347,347,329,1700.5,1691.5,1690,1691.5,1701
347,329,348,347,330,346.5,332,349,331.5,332.5,329,348,347.5,332,329,333,347,331.5,352,330,348.5,331.5,327.5,347.5,348,1701,1691.5,1685.5,1693.5,1703
348,331.5,330,332.5,349,347,327.5,330,347.5,347.5,347,329,348.5,346.5,332,331.5,333,348,352,329,347,348,331.5,332,329,1691,1699.5,1703,1693.5,1687.5
332,348,330,352,332,348.5,330,332.5,329,347.5,348,331.5,333,349,331.5,327.5,329,347,347,347.5,329,348,347,346.5,331.5,1694,1687.5,1693,1698,1702
331.5,332,348.5,348,331.5,330,347.5,347.5,347,327.5,348,330,346.5,331.5,348,349,352,329,332.5,332,333,347,329,329,347,1691.5,1699.5,1704,1694.5,1685
348,331.5,347,332,329,352,331.5,332.5,348,330,347.5,327.5,347,330,348.5,347,329,346.5,349,329,333,331.5,347.5,348,332,1687.5,1694,1700.5,1700.5,1692
349,348,332.5,332,331.5,329,352,332,347,327.5,331.5,333,331.5,347.5,347.5,347,330,329,348,346.5,348.5,330,347,348,329,1693,1687.5,1691,1700.5,1702.5
332,331.5,347,352,331.5,348,327.5,331.5,348.5,347.5,348,346.5,329,329,347,347.5,349,330,332.5,332,347,330,333,329,348,1694,1703,1699.5,1691,1687
352,331.5,330,332,347.5,329,346.5,329,348,347,347,329,327.5,348.5,347,349,330,348,332,331.5,348,331.5,347.5,333,332.5,1693,1699.5,1699,1690.5,1692.5
347,329,347,330,347.5,331.5,352,332.5,348,333,349,348,332,329,331.5,332,330,331.5,348,348.5,347.5,346.5,347,327.5,329,1700.5,1697,1689.5,1690,1697.5
333,332,348,347,332.5,347.5,330,348,329,347,346.5,327.5,329,348,347,331.5,330,349,352,329,332,331.5,331.5,347.5,348.5,1692.5,1701.5,1698,1691.5,1691
332.5,348.5,347,332,333,348,330,331.5,331.5,347.5,330,332,331.5,347.5,352,346.5,327.5,329,348,348,347,349,329,329,347,1693,1688.5,1693,1699,1701
330,347,329,347.5,347.5,348,329,347,327.5,348,348.5,332,332.5,348,331.5,349,331.5,329,333,347,330,346.5,332,352,331.5,1701,1699.5,1692.5,1689.5,1692
330,348.5,347,329,346.5,332,347,347.5,347.5,327.5,333,348,331.5,348,331.5,348,331.5,347,329,330,352,329,332.5,332,349,1701,1701.5,1692,1685.5,1694.5
332,352,347.5,329,331.5,329,329,348,348,347,330,347,346.5,347,331.5,349,333,332.5,348.5,330,347.5,331.5,332,348,327.5,1692,1701,1702,1693,1686.5
348.5,346.5,347.5,329,329,347,348,331.5,327.5,347,349,330,330,352,332,333,347,332.5,329,347.5,331.5,332,348,331.5,348,1700.5,1701,1693,1689,1691
333,332,330,352,348,346.5,329,331.5,331.5,349,348,332.5,331.5,348.5,330,347,329,329,347.5,347,347.5,347,327.5,348,332,1695,1687.5,1690.5,1699.5,1702
347.5,330,348,347,331.5,347,329,346.5,327.5,348,347,348,332,330,331.5,348.5,332.5,332,329,347.5,349,352,333,329,331.5,1704,1698,1688.5,1689.5,1694.5
352,333,331.5,347,331.5,348,329,331.5,346.5,348,347,347,347.5,327.5,329,347.5,349,332.5,332,332,330,329,348.5,330,348,1695,1703,1698,1693,1685.5
347,348,329,327.5,347,329,347.5,331.5,347.5,346.5,331.5,348,331.5,330,352,332,329,348.5,347,333,348,332.5,330,332,349,1698.5,1702,1693,1689.5,1691.5
331.5,330,347,331.5,349,327.5,332,348,352,332,347,348,329,348,329,329,348.5,346.5,330,347,347.5,333,347.5,332.5,331.5,1689,1691.5,1701,1701,1692
348,348,327.5,348,329,332.5,347,331.5,348.5,331.5,349,347.5,332,329,330,347.5,352,333,331.5,332,346.5,347,329,347,330,1700.5,1691,1687.5,1696,1699.5
329,347,347.5,330,347,349,332.5,347,333,331.5,327.5,346.5,348.5,329,347.5,348,332,331.5,331.5,348,330,348,352,329,332,1700.5,1693,1699,1691,1691
348,332,349,327.5,330,348,329,331.5,352,333,348,329,332,347,347,329,347.5,330,347.5,346.5,331.5,332.5,331.5,348.5,347,1686.5,1693.5,1703,1700.5,1691
347,352,332,332,329,331.5,329,347,346.5,347.5,348,347,329,327.5,348,333,349,348,330,331.5,330,331.5,348.5,332.5,347.5,1692,1701.5,1699.5,1691.5,1690
348.5,330,332.5,349,332,348,329,348,347,327.5,346.5,352,331.5,331.5,332,329,347,347.5,347,329,330,331.5,348,347.5,333,1692,1699.5,1693.5,1699.5,1690
329,348,331.5,349,331.5,352,333,332,331.5,348,330,347,348,347.5,330,327.5,347.5,347,329,347,329,348.5,346.5,332,332.5,1689,1696.5,1702.5,1698,1688.5
330,329,347.5,347,347,327.5,348,331.5,346.5,348.5,347.5,332,332.5,352,330,329,332,349,329,348,347,331.5,333,348,331.5,1700.5,1702,1694,1687,1691
348.5,348,331.5,332.5,330,347.5,327.5,331.5,333,349,330,332,331.5,348,352,329,346.5,347.5,332,347,347,329,329,348,347,1690.5,1688.5,1693.5,1702,1700
331.5,333,348,331.5,347.5,347,349,330,347.5,327.5,347,329,346.5,347,331.5,329,348.5,352,332.5,330,329,332,348,348,332,1691.5,1701,1701,1692,1689
327.5,347,348,347,329,332,347,348,332,330,349,352,331.5,329,331.5,348.5,346.5,347.5,329,330,348,347.5,331.5,333,332.5,1698.5,1689,1693,1701.5,1692.5
329,348,331.5,348.5,332,352,332.5,333,347.5,331.5,346.5,348,330,329,347.5,347,329,347,327.5,347,349,330,332,331.5,348,1689,1696.5,1701,1697.5,1690.5
332.5,329,352,333,349,348,329,332,348,331.5,331.5,331.5,330,347,348.5,347,330,327.5,347,346.5,329,348,347.5,332,347.5,1695.5,1688.5,1688.5,1698,1704
347,348,330,346.5,329,347,327.5,347.5,347.5,331.5,333,332,347,331.5,348.5,331.5,332.5,348,329,348,352,349,332,330,329,1700.5,1701,1692,1689,1692
330,327.5,347,348,347,348,330,347,347.5,329,331.5,331.5,348.5,329,352,333,332.5,347.5,329,348,331.5,346.5,332,332,349,1699.5,1701.5,1692.5,1690,1691
332.5,333,348,330,347,347.5,332,347,329,332,331.5,330,352,331.5,349,329,347.5,331.5,346.5,348.5,327.5,329,347,348,348,1690.5,1687.5,1694,1703,1699.5
349,347,332,331.5,331.5,332.5,330,346.5,330,352,348,332,333,331.5,347.5,329,329,347.5,348.5,347,327.5,329,347,348,348,1691,1691,1692,1701,1699.5
352,332.5,333,329,348.5,347,332,331.5,331.5,347,330,347.5,349,330,332,329,327.5,348,347,346.5,347.5,331.5,329,348,348,1695,1689,1688.5,1698,1704
332,348,333,330,348.5,347,347.5,347,331.5,327.5,332,347.5,346.5,348,329,332.5,347,352,331.5,331.5,349,329,329,330,348,1691.5,1700.5,1703,1694.5,1685
329,347.5,347,348,331.5,352,331.5,348,329,333,332.5,332,330,348.5,346.5,331.5,349,330,332,348,329,347.5,327.5,347,347,1703,1693.5,1689.5,1690.5,1698
347.5,329,330,348,347,349,327.5,347,329,348.5,332,348,330,331.5,352,331.5,347.5,331.5,347,329,348,332.5,332,346.5,333,1701.5,1701,1693.5,1686.5,1692
347.5,329,330,348,346.5,331.5,332,348.5,332.5,348,347.5,329,347,348,327.5,333,331.5,347,347,332,349,352,331.5,330,329,1701,1692.5,1699,1690.5,1691.5
330,330,329,349,348,333,348,332,348.5,332,347,346.5,327.5,347,329,331.5,347,329,347.5,348,332.5,352,331.5,347.5,331.5,1686,1693.5,1697,1703,1695
327.5,347.5,329,346.5,347,348,333,330,348,331.5,349,347.5,329,332,330,331.5,347,352,332.5,332,331.5,329,347,348.5,348,1697.5,1690.5,1687.5,1695,1704
331.5,347,347,348,327.5,348,331.5,332,352,330,348.5,333,349,329,330,332,347.5,347.5,332.5,331.5,347,348,346.5,329,329,1701,1693.5,1689.5,1691,1699.5
352,332.5,331.5,331.5,347.5,348.5,329,332,330,348,332,333,347,347,331.5,330,327.5,346.5,348,347.5,349,348,347,329,329,1695,1687.5,1690.5,1699.5,1702
329,333,331.5,348,349,348,327.5,346.5,347,329,347,330,332,347.5,347,352,331.5,330,332.5,348,329,332,347.5,348.5,331.5,1690.5,1698,1703.5,1694,1688.5
331.5,347.5,347,329,329,331.5,333,330,347,352,348.5,347.5,330,329,346.5,327.5,348,347,348,332,331.5,348,332.5,349,332,1684,1693.5,1701.5,1702.5,1693
333,330,348.5,331.5,352,329,327.5,349,346.5,347.5,347,329,329,347,348,331.5,348,332,347,332,348,331.5,347.5,332.5,330,1695,1699.5,1700,1690.5,1689.5
348,333,348,332,332.5,347,327.5,331.5,348,346.5,347,329,330,347.5,347.5,348.5,332,329,331.5,352,331.5,347,329,330,349,1693.5,1700.5,1701,1693,1686.5
330,329,347,347,347.5,348.5,329,333,331.5,352,330,331.5,349,332,347,348,332.5,331.5,346.5,332,348,327.5,347.5,348,329,1700.5,1694,1689.5,1690.5,1700
331.5,331.5,348,346.5,330,332,329,349,333,348.5,348,329,347,329,347.5,347.5,348,347,332,327.5,347,352,331.5,332.5,330,1687.5,1691.5,1700.5,1702,1693
332,347.5,329,352,333,346.5,327.5,332,347,347,347.5,330,329,348,348,331.5,349,348.5,331.5,332.5,329,347,330,348,331.5,1693.5,1700,1702.5,1693,1685.5
346.5,347,349,330,329,332,348,347,332.5,333,348,332,329,347.5,329,331.5,348,331.5,352,331.5,347.5,330,327.5,348.5,347,1701.5,1692.5,1685.5,1694.5,1700.5
347,331.5,333,331.5,348,330,346.5,347,347.5,329,349,332,331.5,347,332,329,348,347.5,348,327.5,332.5,330,352,348.5,329,1691,1700,1691.5,1700,1692
331.5,330,331.5,347.5,352,348,347,347,330,329,329,348,348,347.5,327.5,331.5,347,333,348.5,332,332,329,346.5,349,332.5,1692.5,1701,1700,1692,1689
331.5,330,348,347,330,347.5,352,332,332,331.5,329,347,348,329,348.5,331.5,347,347.5,346.5,327.5,348,333,329,332.5,349,1686.5,1695,1701.5,1700,1691.5
348.5,332,331.5,348,333,347,347.5,347.5,329,329,346.5,347,331.5,348,330,329,349,332.5,352,331.5,348,347,330,332,327.5,1693,1700,1703,1694,1684.5
332.5,348.5,330,347.5,329,352,332,331.5,347,332,347,330,329,348,347.5,347,327.5,348,329,346.5,331.5,331.5,348,349,333,1687.5,1694.5,1701.5,1698,1693
329,347,347,327.5,347.5,348,331.5,329,332.5,348,331.5,332,348,349,332,348.5,346.5,330,329,347,330,333,352,347.5,331.5,1698,1689,1692.5,1701,1694
330,329,348,347.5,347.5,329,349,347,347,327.5,346.5,348,332,331.5,332,333,347,330,331.5,348.5,331.5,332.5,329,348,352,1702,1699.5,1690,1690,1693
330,331.5,348,349,332.5,327.5,346.5,329,348,348,347.5,331.5,352,329,332,331.5,333,332,347.5,348.5,347,347,329,330,347,1691,1699,1692,1692.5,1700
331.5,332,347.5,352,329,347,348,347,329,329,327.5,347,330,349,348,331.5,348.5,348,331.5,332.5,347.5,346.5,330,333,332,1692,1700,1701.5,1692,1689
348,329,348.5,332,332.5,347.5,329,347,329,347,346.5,348,330,331.5,347.5,349,331.5,330,332,352,327.5,347,348,333,331.5,1690,1699.5,1703.5,1694.5,1687
332.5,348.5,331.5,348,332,331.5,331.5,348,329,347.5,352,348,333,330,329,330,347,346.5,349,329,327.5,347.5,347,347,332,1692.5,1687.5,1692,1701.5,1701
327.5,347.5,347,331.5,348.5,352,331.5,332.5,347,333,349,331.5,329,330,347.5,348,348,330,332,332,346.5,329,329,348,347,1702,1696,1687,1690,1699.5
347,332,329,347,347,349,331.5,348,332,332.5,329,346.5,348.5,331.5,329,352,331.5,330,333,347.5,348,348,347.5,327.5,330,1702,1693,1684.5,1694,1701
348,347,347,329,327.5,347.5,331.5,331.5,333,347,352,330,330,332.5,347.5,331.5,332,332,349,348.5,346.5,348,329,348,329,1698.5,1690.5,1692,1693,1700.5
332,346.5,347,329,332,333,348,349,332.5,329,348,330,327.5,347,348.5,329,330,347.5,347,347.5,331.5,331.5,352,348,331.5,1686.5,1691.5,1701,1701,1694.5
347,347.5,329,347,327.5,330,349,331.5,330,348.5,329,348,333,348,332.5,332,346.5,331.5,332,352,347.5,329,347,348,331.5,1698,1689,1690.5,1694,1703
331.5,352,347,332,331.5,332.5,329,329,347.5,347,332,349,330,348,333,348.5,327.5,347.5,348,330,346.5,347,348,331.5,329,1694,1685,1692,1701.5,1702
329,348,349,332,331.5,347.5,333,347.5,332.5,331.5,329,329,348,348.5,346.5,327.5,347,347,348,330,332,347,352,330,331.5,1689.5,1692,1701,1699.5,1692.5
327.5,329,349,347.5,347,329,352,348.5,331.5,330,330,348,346.5,347,329,348,331.5,347,332,333,347.5,348,332.5,332,331.5,1700,1691,1700.5,1691.5,1691.5
329,327.5,347,347.5,347.5,347,332,331.5,349,332.5,347,346.5,329,348,329,331.5,348.5,348,332,330,331.5,352,330,348,333,1698.5,1692,1699.5,1690,1694.5
348.5,347,329,329,346.5,329,348,347,330,347.5,331.5,332.5,348,349,331.5,331.5,330,333,347,347.5,332,352,348,332,327.5,1700,1701.5,1692.5,1689,1691.5
330,331.5,352,331.5,348,347,348,329,330,346.5,347,347,347.5,332,329,349,332.5,348,331.5,333,332,327.5,348.5,347.5,329,1693,1700.5,1702.5,1694,1684.5
333,329,352,349,330,348,347.5,330,329,347,331.5,329,347,347,346.5,347.5,332,332,348.5,331.5,327.5,331.5,348,332.5,348,1693,1701.5,1701,1691.5,1687.5
331.5,347.5,348,330,331.5,332,347.5,333,332.5,348,348,329,329,346.5,348.5,349,347,329,347,327.5,347,352,331.5,330,332,1688.5,1693,1701,1699.5,1692.5
347,347.5,327.5,347.5,329,348,349,347,329,330,330,331.5,352,348,332.5,329,348.5,332,346.5,332,333,347,331.5,348,331.5,1698.5,1703,1694,1688,1691
348,348,329,347,329,332.5,329,352,331.5,347.5,332,330,346.5,332,347,331.5,348,349,331.5,333,347.5,348.5,347,327.5,330,1701,1692.5,1687.5,1693,1700.5
332,349,348,329,330,331.5,348.5,348,333,332,347.5,331.5,346.5,329,347,347,329,327.5,347,348,347.5,331.5,330,332.5,352,1688,1693,1701.5,1698.5,1693.5
329,346.5,347,331.5,348,347,330,347.5,327.5,347.5,331.5,349,348,332,330,331.5,329,329,352,348.5,332.5,348,332,347,333,1702,1699.5,1690.5,1690,1692.5
349,348,327.5,347,329,329,348,330,346.5,347.5,333,332,331.5,348,347.5,347,331.5,332.5,330,347,329,331.5,332,352,348.5,1700.5,1701,1692,1688,1693
346.5,329,348,347.5,329,329,348,347,347,327.5,330,349,333,348,331.5,352,331.5,348.5,330,332,347.5,332,332.5,331.5,347,1700,1698.5,1691.5,1694,1690.5
329,331.5,349,347.5,331.5,347,332,348,333,332.5,347,327.5,347.5,329,348,330,348,346.5,347,330,331.5,348.5,352,332,329,1688.5,1692.5,1699,1701.5,1693
333,331.5,347,329,349,347,332.5,331.5,348.5,332,352,347.5,331.5,330,332,348,329,347,348,330,348,327.5,347.5,346.5,329,1689.5,1691.5,1693,1702,1698.5
332,348,347.5,330,333,331.5,346.5,331.5,330,352,327.5,329,348,348.5,347,347,347.5,329,329,347,348,332.5,332,331.5,349,1690.5,1691.5,1700,1699.5,1693
347,331.5,347.5,327.5,348,347,347,330,349,329,331.5,348.5,348,332,333,348,329,347.5,332,329,332.5,346.5,331.5,352,330,1701.5,1702,1693,1685.5,1692.5
333,332,349,347.5,332.5,329,347,348,346.5,330,329,327.5,348,347,347.5,330,331.5,348,331.5,348.5,332,331.5,352,329,347,1694,1700.5,1699,1689.5,1691.5
348,331.5,347,331.5,333,348,330,332,347,331.5,332.5,347,330,352,332,329,347.5,329,347.5,349,329,327.5,346.5,348.5,348,1691,1688.5,1693.5,1702,1699.5
331.5,352,330,331.5,347,332,332.5,347,349,330,327.5,347,329,348,347.5,348,348,333,331.5,332,329,329,348.5,347.5,346.5,1692,1690.5,1699,1692.5,1700.5
347.5,329,346.5,347,329,327.5,347.5,331.5,347,348,352,331.5,330,348,331.5,332,332.5,347,332,348,333,348.5,349,330,329,1699,1701.5,1693,1691.5,1689.5
333,332,347,331.5,349,348,330,347.5,347.5,327.5,347,346.5,329,331.5,347,348.5,352,332.5,329,331.5,348,332,329,348,330,1692.5,1700.5,1701,1693.5,1687
329,347,327.5,346.5,349,347,348,329,329,348,352,347,331.5,330,331.5,347.5,331.5,347.5,330,332,332,348.5,332.5,333,348,1699,1701,1692,1688.5,1694
352,331.5,349,330,333,329,332.5,348,331.5,348,347,347,332,331.5,332,346.5,329,347.5,327.5,348.5,330,348,347.5,347,329,1695.5,1689,1689.5,1699,1701.5
332,347,347,347,329,330,348,352,330,333,329,346.5,348,331.5,332,332.5,331.5,347.5,348.5,331.5,327.5,348,349,329,347.5,1702,1693,1687,1691.5,1701
349,329,348,347.5,330,347,329,346.5,327.5,347,330,348.5,331.5,347.5,332,348,347,333,332.5,329,332,348,331.5,352,331.5,1703.5,1697,1689.5,1689.5,1695
347,329,329,347,346.5,332,331.5,349,331.5,348,352,329,332,331.5,348,348,332.5,347.5,333,330,330,347,348.5,347.5,327.5,1698.5,1692,1692.5,1691,1700.5
332.5,330,348,347,333,332,331.5,348.5,329,349,329,329,347,347,347.5,331.5,331.5,352,348,332,330,346.5,347.5,327.5,348,1690.5,1690,1699.5,1695,1699.5
347,327.5,347,348,332,333,348,329,352,331.5,348.5,331.5,330,347.5,331.5,330,349,348,332.5,332,347,346.5,329,347.5,329,1701.5,1693.5,1689,1691.5,1699
332,331.5,347.5,330,352,348.5,346.5,329,329,331.5,331.5,333,349,332.5,348,347,332,347.5,330,347,347,327.5,329,348,348,1693,1684.5,1694,1703.5,1699.5
331.5,333,332,348,346.5,349,332,330,348.5,331.5,331.5,348,352,332.5,329,329,347.5,348,327.5,347.5,347,347,329,330,347,1691,1691,1693,1699.5,1700
346.5,329,348.5,332,332,347.5,352,331.5,331.5,333,329,349,347.5,347,330,327.5,348,329,347,347,330,332.5,348,331.5,348,1688,1695.5,1702.5,1698.5,1690
331.5,332.5,347.5,330,347,348,346.5,329,327.5,347,329,329,348,347.5,347,349,352,330,332,332,348,348.5,331.5,333,331.5,1688.5,1698,1700.5,1695,1692.5
330,331.5,348,331.5,348,352,347,331.5,333,329,347,347.5,329,329,348,349,347,347.5,330,327.5,332,346.5,332.5,348.5,332,1689,1692.5,1700.5,1701,1691.5
347,330,348.5,327.5,346.5,331.5,348,332,348,331.5,349,332.5,329,329,347.5,331.5,347.5,333,332,352,347,329,348,347,330,1699.5,1691,1687,1696,1701
329,347,330,347,347.5,329,352,331.5,347,332,327.5,331.5,330,348,349,332,348,333,348.5,332.5,348,346.5,347.5,331.5,329,1700.5,1691.5,1686,1694,1702.5
327.5,331.5,347.5,347,348.5,329,347.5,347,348,330,352,347,331.5,330,332.5,333,348,329,346.5,329,332,348,349,331.5,332,1702,1701.5,1693,1685.5,1692.5
329,347,348,347,329,346.5,329,348,330,349,330,352,348.5,332.5,331.5,327.5,332,348,347,332,331.5,347.5,331.5,333,347.5,1700,1702.5,1694.5,1686.5,1691
347,346.5,331.5,329,348,332.5,332,331.5,348.5,349,329,352,347,329,330,331.5,348,347.5,332,333,347.5,330,347,327.5,348,1702,1693.5,1687,1692,1700
348.5,329,329,349,347.5,330,347.5,347,347,327.5,348,332.5,330,333,348,346.5,332,329,347,331.5,352,332,331.5,348,331.5,1703,1699,1691.5,1686,1695
348.5,347,348,331.5,327.5,329,347,346.5,347,331.5,330,333,349,332,347.5,330,347.5,348,329,332,348,332.5,329,331.5,352,1702.5,1701,1691.5,1686.5,1693
348,332,349,332,331.5,329,346.5,348.5,332.5,331.5,352,329,347.5,333,331.5,347,347,327.5,348,330,330,347.5,348,347,329,1692.5,1688,1693,1699.5,1701.5
331.5,347,329,347.5,347.5,347,330,329,348,346.5,327.5,332.5,352,348.5,331.5,348,330,329,332,347,333,332,348,331.5,349,1702.5,1700.5,1692,1686,1693.5
331.5,331.5,348,329,347.5,332,347.5,332,348.5,330,348,347,329,347,327.5,329,332.5,346.5,347,348,349,331.5,352,330,333,1687.5,1690,1698.5,1703,1695.5
348.5,327.5,347,330,347,331.5,329,347,348,347.5,349,332.5,352,331.5,329,346.5,332,347.5,330,329,348,333,332,348,331.5,1700,1703,1694,1685,1692.5
331.5,331.5,348,347.5,327.5,330,332,348.5,349,332,329,347,347,348,330,329,347.5,332.5,346.5,347,331.5,333,348,352,329,1686,1691.5,1701,1702.5,1693.5
352,331.5,331.5,329,347.5,330,330,348,332,348,333,332.5,348,347,332,327.5,331.5,349,346.5,347,329,347,348.5,347.5,329,1691.5,1688,1692.5,1701.5,1701
330,347.5,349,329,347,331.5,332,348.5,329,352,347,331.5,329,333,348,332,348,332.5,331.5,348,327.5,347,330,347.5,346.5,1702.5,1693,1688.5,1692,1698.5
347.5,348,331.5,333,330,348.5,332,348,330,332,329,329,347.5,346.5,347,331.5,348,332.5,352,331.5,329,347,349,347,327.5,1690,1690.5,1699,1695.5,1699.5
347,327.5,330,347.5,347.5,333,331.5,348,348.5,332,331.5,329,331.5,349,347,332.5,348,332,329,352,346.5,330,329,347,348,1699.5,1693,1688,1693.5,1700.5
332,347,331.5,348,333,347.5,348,347,327.5,329,348.5,331.5,331.5,330,352,329,346.5,347.5,347,330,349,332,329,332.5,348,1691.5,1699,1693.5,1700,1690.5
349,330,352,332,331.5,331.5,348.5,327.5,331.5,347.5,348,330,332,333,348,329,346.5,348,329,347.5,329,347,347,347,332.5,1694.5,1686.5,1691,1700,1702.5
331.5,347.5,348.5,331.5,333,347,327.5,347.5,347,329,346.5,348,330,329,347,332,352,348,332,331.5,349,330,329,348,332.5,1692,1698,1700.5,1695.5,1688.5
332,348,349,332,333,329,347.5,327.5,346.5,347,348.5,347.5,331.5,331.5,330,352,332.5,330,331.5,347,347,348,329,348,329,1694,1697.5,1689,1693,1701
347.5,332,330,329,352,331.5,348,332.5,348,331.5,346.5,329,347,329,347,347.5,327.5,347,330,348.5,333,348,349,332,331.5,1690.5,1691.5,1698.5,1700.5,1693.5
330,348.5,348,347.5,329,331.5,332,347,352,331.5,329,348,332,330,347.5,346.5,348,331.5,332.5,333,329,327.5,349,347,347,1703,1694,1686.5,1691.5,1699.5
330,347,347,329,347.5,332.5,331.5,333,348,349,329,348.5,331.5,347.5,329,331.5,330,332,352,347,327.5,332,348,348,346.5,1700.5,1694,1685.5,1692.5,1702
329,330,348,347,348,332.5,331.5,329,352,347.5,333,346.5,348.5,329,331.5,348,349,330,332,332,347,347.5,327.5,347,331.5,1702,1692.5,1688.5,1691,1700.5
332.5,347.5,348.5,332,333,331.5,347,348,330,330,347.5,352,332,331.5,331.5,348,329,348,329,346.5,347,347,329,327.5,349,1693.5,1686.5,1694.5,1700.5,1699.5
333,332.5,347,347.5,331.5,330,349,332,329,346.5,332,348,331.5,331.5,352,347,347.5,347,330,329,348,329,348.5,348,327.5,1691.5,1686.5,1695,1700.5,1701
352,348,330,330,332,331.5,332,333,346.5,348,347,327.5,347,329,348,348.5,329,347,347.5,329,331.5,349,347.5,332.5,331.5,1692,1691,1698.5,1701,1692
348,347,327.5,347.5,329,331.5,352,332,329,348,330,331.5,347.5,331.5,348,332,330,349,333,348.5,347,332.5,329,347,346.5,1699,1692.5,1688.5,1692.5,1702
327.5,347,347.5,346.5,332.5,329,347.5,347,348,329,348.5,331.5,330,332,349,348,347,330,333,329,348,331.5,332,352,331.5,1701,1700.5,1691,1687,1695
332,347,331.5,348,332.5,348.5,329,329,348,332,348,329,352,333,331.5,330,330,347,347,349,327.5,347.5,331.5,346.5,347.5,1691,1686.5,1693.5,1703,1700.5
330,327.5,347.5,347,347.5,332.5,332,330,348,348.5,347,347,348,329,329,333,349,331.5,348,329,332,352,346.5,331.5,331.5,1699.5,1691,1700,1690.5,1693.5
331.5,332,348,331.5,349,327.5,347.5,347.5,332.5,346.5,329,348,329,348,347,330,331.5,330,348.5,352,347,347,333,332,329,1692,1701.5,1701,1692,1688
348,333,331.5,331.5,352,330,327.5,346.5,348,347.5,347.5,347,347,329,329,348.5,332,331.5,329,349,347,348,330,332,332.5,1696,1699.5,1699.5,1690,1689.5
332,332.5,331.5,352,348,330,348,347.5,347.5,329,348,347,329,347,327.5,331.5,333,349,329,346.5,347,332,348.5,330,331.5,1696,1702,1698.5,1689,1689
332.5,332,348,331.5,347,329,348,329,347.5,347,348.5,347.5,346.5,327.5,331.5,348,349,332,333,331.5,330,329,330,347,352,1691,1700.5,1701.5,1693.5,1688
331.5,349,332.5,331.5,348.5,329,347.5,348,333,329,330,352,332,348,331.5,346.5,347.5,347,330,332,329,348,347,347,327.5,1693,1686.5,1693.5,1703,1698.5
327.5,347.5,347,329,347,332,348,331.5,331.5,349,332,330,347.5,348.5,331.5,333,329,348,332.5,352,330,346.5,347,348,329,1698,1692,1689.5,1694.5,1700.5
348,347,347.5,329,329,346.5,327.5,348.5,348,329,332,330,348,333,352,331.5,347,330,347.5,332,331.5,332.5,347,331.5,349,1700.5,1699.5,1695,1688,1691.5
330,329,346.5,347,348,332,347,348.5,332.5,331.5,349,333,331.5,348,327.5,332,331.5,352,347.5,330,347.5,348,347,329,329,1700.5,1691.5,1689,1693,1700.5
330,346.5,347,347.5,329,332,348,332,348.5,331.5,349,331.5,348,329,333,330,347,347.5,327.5,348,332.5,352,329,347,331.5,1700,1692,1690.5,1700,1692
327.5,347.5,346.5,330,347.5,347,348.5,348,329,330,352,332.5,347,333,331.5,348,332,347,331.5,329,332,329,349,348,331.5,1699,1702.5,1696,1687.5,1689.5
349,332.5,347,331.5,333,347.5,327.5,348.5,329,347,347,348,329,329,346.5,331.5,352,348,330,331.5,330,347.5,348,332,332,1693,1699.5,1699.5,1693,1689.5
347,347.5,327.5,346.5,331.5,349,329,348,329,347,330,352,347,332,331.5,332.5,347.5,348,332,329,331.5,333,348.5,330,348,1700,1702,1692.5,1689,1691
333,348.5,348,331.5,331.5,329,347,329,347,349,330,331.5,332,346.5,352,330,347.5,332.5,332,348,347.5,348,329,347,327.5,1692.5,1701,1692,1690,1699
331.5,332.5,330,352,347,329,329,347.5,347,348,348,333,331.5,349,330,332,346.5,332,331.5,348.5,329,348,347,347.5,327.5,1693,1700.5,1691.5,1690.5,1699
330,347,332,331.5,348,330,331.5,348,348.5,332,332.5,333,331.5,347,352,349,329,347.5,348,329,327.5,347,347.5,329,346.5,1688.5,1690,1696,1702.5,1697.5
348.5,331.5,349,332.5,330,332,333,329,347,347.5,352,329,348,331.5,332,329,348,347,346.5,331.5,327.5,347.5,348,330,347,1691.5,1688.5,1692.5,1702,1700
348.5,347,332,332,329,331.5,348,333,349,332.5,329,348,348,347,331.5,327.5,330,347.5,347.5,346.5,347,331.5,329,330,352,1688.5,1694,1703.5,1699,1689.5
347,347.5,329,330,347,347.5,331.5,327.5,346.5,347,330,348.5,332.5,352,329,331.5,348,348,332,331.5,348,349,332,333,329,1700.5,1700,1692,1691,1691
347,346.5,347.5,330,329,331.5,348.5,347,332,331.5,329,348,330,347.5,331.5,352,349,333,329,332.5,348,332,327.5,348,347,1700,1690.5,1686,1695.5,1702.5
331.5,349,327.5,331.5,348,348.5,332.5,333,332,347.5,347,348,347,330,329,329,347,329,347.5,346.5,332,330,348,352,331.5,1687.5,1693.5,1701,1699,1693.5
327.5,348,346.5,347.5,330,333,348.5,331.5,348,330,332.5,347,332,331.5,349,347,329,329,347.5,348,332,352,329,347,331.5,1699.5,1691,1692,1700.5,1691.5
347,348,327.5,330,347.5,348,347,329,330,347.5,329,352,332,332.5,346.5,348,331.5,348.5,332,329,331.5,333,331.5,349,347,1700,1701.5,1692,1689,1692
332,347,330,331.5,349,332,329,347.5,348,331.5,347,346.5,329,327.5,347,329,331.5,348.5,347.5,348,333,348,352,330,332.5,1689.5,1688,1697,1704.5,1695.5
348,349,332.5,330,329,352,331.5,347,329,331.5,330,346.5,347.5,329,347,327.5,347.5,332,348,347,348.5,331.5,333,332,348,1688.5,1691,1700,1702,1693
327.5,347,329,347,347.5,348,329,347.5,347,332,333,332.5,352,346.5,331.5,330,348.5,348,331.5,329,331.5,349,332,348,330,1698,1703.5,1695.5,1687,1690.5
331.5,331.5,349,332.5,348,347.5,347,333,327.5,347,347,332,347.5,346.5,329,332,352,330,330,348.5,329,348,331.5,348,329,1692.5,1702,1702,1692.5,1685.5
330,327.5,347,346.5,347.5,348.5,331.5,347,332,331.5,329,330,332,348,348,329,349,333,352,332.5,347.5,347,329,348,331.5,1698.5,1690.5,1687,1695.5,1703
333,347.5,331.5,348,331.5,330,348,327.5,346.5,347.5,349,329,347,347,329,332,332.5,352,347,332,329,348,331.5,348.5,330,1691.5,1699.5,1701,1695.5,1687
330,347,332.5,329,352,331.5,347.5,348,330,331.5,332,333,332,348.5,348,329,348,349,347,329,346.5,347,347.5,331.5,327.5,1690.5,1688.5,1693.5,1702,1700
332,330,348,347,329,332,347.5,352,330,332.5,346.5,329,331.5,348,348,347,348.5,327.5,329,347,331.5,347.5,349,331.5,333,1686,1694,1703,1699,1692.5
347,329,329,347.5,347,333,332,330,348,348,327.5,347.5,347,330,348.5,331.5,348,329,352,331.5,332.5,332,349,331.5,346.5,1699.5,1691,1700.5,1692,1691.5
347,349,347.5,330,329,347.5,332,352,333,329,331.5,332.5,348.5,331.5,348,331.5,348,332,347,330,348,347,327.5,329,346.5,1702.5,1693.5,1692,1688.5,1698
332,352,332,330,347.5,329,330,348,348.5,331.5,331.5,333,348,331.5,348,349,327.5,347.5,347,329,347,329,347,332.5,346.5,1693.5,1687,1692,1700,1702
330,349,348,331.5,333,348.5,331.5,332,329,348,331.5,352,332.5,332,347,330,346.5,327.5,347.5,348,329,347.5,347,329,347,1691.5,1689,1695,1699.5,1699.5
331.5,348.5,352,332,330,329,349,347,330,331.5,331.5,332,333,348,347,348,329,347.5,329,347.5,347,327.5,346.5,348,332.5,1694,1686.5,1691.5,1701,1701.5
347.5,348,332.5,331.5,331.5,329,349,332,348.5,332,330,333,347,330,352,348,348,346.5,329,329,327.5,331.5,347.5,347,347,1691,1690.5,1692,1700.5,1700.5
347,329,329,348,347.5,333,348,332,349,332.5,348.5,331.5,329,348,330,352,331.5,330,331.5,347.5,347,332,346.5,327.5,347,1700.5,1694.5,1687,1692.5,1700
333,331.5,348.5,352,329,347,347.5,348,330,330,347.5,347,346.5,327.5,329,347,348,332.5,331.5,332,331.5,348,329,332,349,1694,1702.5,1697.5,1691,1689.5
348.5,331.5,332.5,331.5,347.5,349,327.5,347,347,329,348,332,352,329,330,330,347,329,346.5,347.5,348,333,332,348,331.5,1691.5,1699.5,1691,1700,1692.5
347.5,347.5,348.5,329,330,332.5,347,349,333,331.5,331.5,348,352,330,327.5,332,348,348,332,331.5,347,329,347,329,346.5,1702.5,1693,1689,1691.5,1698.5
329,347,329,347.5,347,327.5,346.5,348,347,331.5,331.5,331.5,348,347.5,333,330,332,329,349,348,352,332.5,330,332,348.5,1699.5,1700.5,1691.5,1688,1695
331.5,347.5,331.5,352,331.5,330,349,333,329,348,332.5,348,329,332,348.5,346.5,347,347,327.5,330,348,347,347.5,332,329,1694,1689,1690,1698,1703.5
347,348,330,327.5,347.5,347,330,348,329,346.5,333,347.5,348.5,331.5,332,331.5,348,347,329,332.5,332,331.5,349,329,352,1700,1700.5,1692.5,1688,1693.5
348,330,329,347,349,331.5,352,333,347.5,331.5,332,329,348,331.5,348,330,332,347,347.5,332.5,347,346.5,348.5,327.5,329,1703,1695.5,1688.5,1689,1698.5
348,329,347,346.5,327.5,329,347,347.5,347.5,331.5,348,352,332,330,331.5,333,349,347,331.5,330,332,329,332.5,348,348.5,1698,1702.5,1693.5,1690.5,1690
327.5,348,329,346.5,347,348,348.5,329,332.5,347,352,333,349,331.5,330,329,331.5,347.5,331.5,347.5,332,348,330,347,332,1698,1705,1695.5,1687,1689
332,330,347,329,348,348.5,332.5,331.5,349,331.5,327.5,331.5,347,348,347.5,347.5,330,348,329,347,346.5,329,332,352,333,1686,1693,1701.5,1701.5,1692.5
330,332,349,332.5,348.5,348,346.5,329,347,327.5,347,331.5,347,329,348,331.5,330,347.5,332,352,347.5,333,329,348,331.5,1692,1698,1702.5,1693,1689
348,349,329,331.5,333,331.5,348.5,332,329,348,330,347,327.5,347.5,346.5,347,347,332,348,329,347.5,352,330,332.5,331.5,1690.5,1689,1698.5,1703,1693.5
348,347.5,330,329,348,332.5,349,331.5,331.5,348.5,331.5,332,347.5,329,346.5,333,332,327.5,347,352,347,330,329,347,348,1702.5,1693,1686.5,1691.5,1701
346.5,330,348,329,348.5,327.5,347,347,329,349,331.5,347.5,332.5,347.5,331.5,332,348,329,333,347,348,352,330,332,331.5,1702,1699.5,1690.5,1689,1693.5
331.5,332.5,349,332,348.5,331.5,348,347,347.5,327.5,329,329,347,347.5,346.5,331.5,348,329,352,330,330,347,332,333,348,1693.5,1701.5,1699,1690.5,1690
329,347,347,332,347.5,346.5,329,348,327.5,348.5,330,333,332.5,347.5,347,331.5,348,331.5,329,348,331.5,330,352,349,332,1702.5,1699.5,1690,1688,1694.5
329,347.5,348,347,329,348,331.5,347,332,332.5,330,348,329,349,332,333,347.5,352,331.5,330,327.5,347,346.5,348.5,331.5,1700.5,1691,1688,1694,1701
347,348,327.5,348,329,349,348.5,331.5,330,332.5,332,331.5,347.5,329,352,348,347,329,330,346.5,347.5,347,333,332,331.5,1699.5,1691.5,1692,1700.5,1691
348,348,333,331.5,331.5,330,348,347.5,332.5,329,352,329,332,349,331.5,332,347.5,330,346.5,347,348.5,347,327.5,329,347,1692,1687,1693.5,1703,1699
331.5,348.5,332,347,330,349,330,352,333,331.5,348,329,348,347,331.5,329,346.5,347,327.5,347.5,329,348,332.5,347.5,332,1689,1695.5,1703.5,1697.5,1689
329,347.5,327.5,347,348.5,332,349,332.5,348,329,347,333,329,331.5,347.5,331.5,348,352,330,332,346.5,330,348,347,331.5,1699.5,1690.5,1688,1693.5,1703
330,330,347.5,348,333,331.5,332,332,348.5,349,329,348,347,347,329,347,327.5,347.5,332.5,346.5,331.5,352,348,329,331.5,1688.5,1693,1700,1701,1692
346.5,348,331.5,331.5,329,332,332.5,349,348,332,330,347.5,347,329,347,348,330,348.5,347.5,327.5,329,347,333,352,331.5,1686.5,1693.5,1700.5,1701.5,1692.5
331.5,329,347,330,349,332,333,352,347,330,331.5,348,327.5,347.5,347,329,329,348,348,346.5,332,332.5,347.5,331.5,348.5,1686.5,1694,1701.5,1700.5,1692
327.5,347,332.5,346.5,347,347,347.5,347.5,329,329,349,330,331.5,348.5,333,352,329,348,331.5,330,331.5,348,332,332,348,1700.5,1700,1692,1690.5,1691.5
327.5,329,348,347.5,347,330,329,348,347.5,347,332.5,333,346.5,349,331.5,347,332,329,352,330,348,348.5,332,331.5,331.5,1699,1701.5,1692.5,1690,1691.5
348,347,329,348,332,330,327.5,346.5,348,347,348.5,333,347.5,331.5,329,347,329,331.5,332,347.5,349,332.5,330,331.5,352,1704,1699,1689.5,1687,1695
347.5,329,346.5,347,332.5,331.5,333,332,348.5,348,329,347,331.5,347.5,329,330,352,332,349,330,327.5,348,348,347,331.5,1702.5,1693,1684,1693,1702
330,330,347,348,348,347.5,347.5,329,346.5,327.5,349,347,332,329,333,331.5,348.5,348,329,332.5,352,331.5,347,331.5,332,1703,1698,1690,1689.5,1694
348,347,329,331.5,347,327.5,347,348,347.5,329,331.5,330,332.5,347.5,348.5,330,349,346.5,333,329,332,331.5,352,348,332,1702.5,1699,1690,1687.5,1695.5
329,347,348,347,327.5,349,332,329,331.5,347.5,333,347,348.5,332.5,331.5,331.5,352,332,330,348,329,348,347.5,346.5,330,1698.5,1689,1692.5,1693.5,1701
329,347,332,348,347,329,347,346.5,347.5,327.5,348.5,331.5,331.5,348,330,347.5,332.5,330,349,332,352,331.5,329,333,348,1703,1697.5,1689.5,1691,1693.5
332.5,330,349,348.5,331.5,331.5,347,331.5,348,332,329,327.5,347.5,348,346.5,329,347.5,329,348,347,352,347,332,333,330,1691.5,1690,1698.5,1700.5,1694
333,347.5,332,347,331.5,329,349,330,331.5,352,332.5,348,348,332,331.5,348.5,329,348,329,347,327.5,347,346.5,347.5,330,1691,1691.5,1692,1701.5,1698.5
329,348.5,347.5,347.5,327.5,347,347,329,346.5,331.5,352,331.5,332,348,332,349,332.5,347,330,329,333,348,331.5,348,330,1700,1701,1695.5,1687.5,1690.5
348,329,347,349,330,333,347,331.5,352,330,332,331.5,332,348,347,348.5,331.5,329,347.5,332.5,347.5,327.5,348,329,346.5,1703,1693.5,1690.5,1689,1698.5
352,348.5,331.5,331.5,332,348,348,331.5,329,347.5,347.5,348,327.5,329,346.5,347,332,330,349,332.5,347,329,333,347,330,1695.5,1704,1698.5,1690.5,1686
349,352,327.5,331.5,331.5,348,331.5,330,333,348,329,348,347.5,329,346.5,347,330,347.5,347,329,348.5,332,347,332,332.5,1691.5,1690.5,1700,1700.5,1692
332,348,332,348.5,333,331.5,348,329,327.5,352,348,349,330,331.5,332.5,347,329,347.5,330,347,347,347.5,346.5,331.5,329,1693.5,1688,1691,1700.5,1701.5
330,347,346.5,347,329,331.5,348.5,332,349,332,327.5,333,331.5,348,347.5,348,331.5,332.5,352,329,348,347.5,330,347,329,1699.5,1693,1687.5,1693,1701.5
348,331.5,332,348.5,331.5,329,352,330,332,347.5,348,330,347,327.5,347,329,347.5,347,329,348,332.5,331.5,349,333,346.5,1691.5,1690.5,1699.5,1700.5,1692.5
347,329,347,330,346.5,331.5,348.5,330,348,332,332.5,352,329,332,347.5,331.5,347.5,348,333,331.5,347,348,329,327.5,349,1699.5,1690,1693,1691.5,1700.5
347,329,348.5,330,330,331.5,332.5,352,348,329,347,348,327.5,332,347,348,331.5,347.5,329,346.5,331.5,347.5,332,349,333,1684.5,1693,1701.5,1702.5,1693
347,330,331.5,331.5,347,348.5,327.5,332.5,331.5,352,329,329,346.5,348,347.5,330,349,329,347,347.5,332,348,333,332,348,1687,1692,1700,1702.5,1693
348,348.5,329,329,346.5,331.5,348,347.5,332,332.5,330,330,348,347.5,332,349,331.5,352,327.5,333,347,331.5,329,347,347,1701,1691.5,1687.5,1693,1701.5
330,347,347,347.5,327.5,329,348,346.5,329,347.5,349,332,329,348,333,331.5,331.5,352,348.5,330,331.5,348,332,332.5,347,1699,1700,1691,1693.5,1691
332.5,348,329,347,330,333,331.5,330,349,352,348,331.5,348,329,347,327.5,347.5,346.5,348.5,329,332,332,347.5,331.5,347,1686.5,1695.5,1703.5,1699,1690
346.5,347,329,348,329,327.5,330,348,348,347.5,333,331.5,349,331.5,348.5,347,347.5,330,332,332.5,352,347,332,331.5,329,1699.5,1701,1693.5,1689,1691.5
347,329,348,347.5,327.5,352,330,348.5,329,332.5,347.5,329,330,346.5,347,332,333,348,332,349,348,331.5,347,331.5,331.5,1699,1692,1700,1694,1689.5
329,331.5,352,347.5,331.5,346.5,347,332,347.5,327.5,330,348,329,348,347,332.5,348.5,332,348,331.5,330,329,333,349,347,1691.5,1700.5,1702,1692.5,1688
352,332,332,331.5,347,329,348.5,349,347.5,329,329,327.5,347,348,347.5,346.5,330,333,348,332.5,330,331.5,347,331.5,348,1694.5,1703,1699,1690,1688
331.5,352,331.5,330,347,329,347,346.5,348,330,347,348.5,349,329,327.5,347.5,348,331.5,332,333,347.5,332.5,332,329,348,1692,1700.5,1701,1692,1689
330,347,347,329,348,347.5,327.5,346.5,329,347.5,333,332,347,330,348,348,331.5,332.5,329,349,331.5,332,331.5,352,348.5,1701,1698,1690,1690,1695.5
352,332,347,331.5,332,331.5,347,348,329,348,327.5,347.5,330,348,346.5,347.5,332.5,349,333,329,331.5,348.5,347,330,329,1694.5,1703.5,1699.5,1691,1686
332.5,352,347.5,331.5,331.5,330,332,331.5,347,347,332,330,349,333,348,348,347,329,329,347.5,346.5,327.5,329,348.5,348,1695,1687.5,1692,1700.5,1699.5
347,347.5,348,330,329,348,329,347,330,348,331.5,33,,,,,,,,,,,,,,,,,,
